wavelength (nm),DOMBlank1,DOMSTD36,DOM11560
900,0.030359458,0.006824199,0.029943142
899.2000122,0.008124479,0.011934576,-0.010914082
898.4000244,0.005764216,-0.017278971,-0.03719319
897.5999756,0.010414218,0.002739488,0.00322332
896.7999878,0.008434467,-0.01220136,0.006881212
896,-0.010082825,-0.012778752,0.01075015
895.2000122,0.014093011,-0.006202353,0.001281873
894.4000244,-0.013668287,-0.006485265,-0.006958534
893.5999756,-0.013652082,-0.040651914,-0.040374983
892.7999878,-0.02809179,-0.023038084,-0.025084484
892,-0.038124017,-0.028861072,-0.037464887
891.2000122,-0.012100371,-0.032937996,-0.018581975
890.4000244,-0.033807293,-0.025864033,-0.018013792
889.5999756,-0.003430903,0.000177433,-0.001220257
888.7999878,-0.013646413,-0.007948719,-0.019794624
888,-0.018542686,-0.003603915,-0.011209835
887.2000122,0.004608904,-0.002272578,2.01E-05
886.4000244,-0.016087256,-0.023404978,-0.022357112
885.5999756,0.00182605,-0.006795364,-0.013402164
884.7999878,-0.0078747,0.003019275,-0.007661825
884,-0.018318402,-0.015656549,-0.025238533
883.2000122,-0.005079346,-0.013609135,-0.017615765
882.4000244,0.002496043,-0.000840118,-0.014174888
881.5999756,-0.008010884,-0.012084611,-0.007316507
880.7999878,-0.006150444,-0.012532506,-0.015573992
880,0.000643899,0.00137257,-0.008892171
879.2000122,-0.017470278,-0.015256105,-0.0226353
878.4000244,-0.014744358,-0.013063242,-0.020057254
877.5999756,-0.011028723,-0.024707317,-0.017656429
876.7999878,-0.009589048,-0.002474573,-0.00827017
876,-0.011686402,-0.008923262,-0.015077623
875.2000122,-0.011643209,-0.009472962,-0.020877846
874.4000244,-0.016925784,-0.011310376,-0.018909184
873.5999756,-0.001144721,-0.016113298,-0.011120525
872.7999878,-0.013680878,-0.012119805,-0.014106182
872,-0.013673253,-0.018255064,-0.012256828
871.2000122,-0.011935193,-0.009008666,-0.017983096
870.4000244,-0.004947256,-0.014905419,-0.021664631
869.5999756,-0.004803657,-0.004390308,-0.010496201
868.7999878,-0.004187613,-0.009478535,-0.016362708
868,-0.011029328,-0.009773242,-0.014882308
867.2000122,-0.002182544,-0.005334251,-0.005865373
866.4000244,-0.006929237,-0.008662235,-0.009246882
865.5999756,-0.006564774,-0.009782658,-0.014334607
864.7999878,-0.004862024,-0.007635424,-0.013195849
864,-0.008533414,-0.007605664,-0.011885377
863.2000122,-0.010543854,-0.006876193,-0.01414893
862.4000244,-0.00830862,-0.009376707,-0.014937835
861.5999756,-0.003524068,-0.007399427,-0.009523209
860.7999878,-0.004879584,-0.015046918,-0.013381583
860,-0.013934346,-0.012783578,-0.015508405
859.2000122,-0.006329521,-0.008417096,-0.01716139
858.4000244,-0.00989188,-0.01555581,-0.023059441
857.5999756,-0.012798357,-0.014382492,-0.020374661
856.7999878,-0.01294793,-0.012959437,-0.02024902
856,-0.010379297,-0.014406181,-0.020890083
855.2000122,-0.008470918,-0.016831117,-0.021934649
854.4000244,-0.009723126,-0.010782492,-0.016621143
853.5999756,-0.008452944,-0.011792426,-0.015924737
852.7999878,-0.006599602,-0.011358999,-0.014546891
852,-0.005798405,-0.012150616,-0.014832526
851.2000122,-0.006285792,-0.012861791,-0.014361906
850.4000244,-0.005826858,-0.013294726,-0.017328372
849.5999756,-0.010309735,-0.014604364,-0.020038122
848.7999878,-0.004775444,-0.010075894,-0.014361055
848,-0.006961744,-0.011378567,-0.01518542
847.2000122,-0.008522803,-0.010226914,-0.01532008
846.4000244,-0.007187897,-0.006675012,-0.015992107
845.5999756,-0.004590859,-0.009318084,-0.011117548
844.7999878,-0.006865389,-0.008592195,-0.014592049
844,-0.005262496,-0.004623438,-0.013998467
843.2000122,-0.008058657,-0.00944728,-0.016620446
842.4000244,-0.010013165,-0.009744945,-0.014407133
841.5999756,-0.009530351,-0.01062323,-0.014739154
840.7999878,-0.00817822,-0.011803712,-0.016532939
840,-0.005901023,-0.003491457,-0.010791229
839.2000122,-0.009227369,-0.014751765,-0.015833495
838.4000244,-0.009567627,-0.010032441,-0.016509116
837.5999756,-0.005896937,-0.006594249,-0.013248128
836.7999878,-0.008628536,-0.012001675,-0.016222784
836,-0.003167991,-0.009923811,-0.014068693
835.2000122,-0.012056262,-0.013071079,-0.014747111
834.4000244,-0.001350234,-0.006468229,-0.011659238
833.5999756,-0.006847298,-0.01078325,-0.014584539
832.7999878,-0.005618854,-0.010096584,-0.013812696
832,-0.007694684,-0.0082117,-0.013318877
831.2000122,-0.006632796,-0.009307746,-0.013752259
830.4000244,-0.007451339,-0.009774609,-0.01506347
829.5999756,-0.006587262,-0.010338097,-0.015768047
828.7999878,-0.008337215,-0.010656218,-0.015695099
828,-0.005164638,-0.012590346,-0.016517937
827.2000122,-0.007946177,-0.012504036,-0.016885001
826.4000244,-0.009937119,-0.012600505,-0.0149783
825.5999756,-0.010826528,-0.011300591,-0.014574927
824.7999878,-0.006899276,-0.007947601,-0.012416299
824,-0.008809739,-0.009877305,-0.013350507
823.2000122,-0.005147295,-0.009475394,-0.014805958
822.4000244,-0.008162826,-0.011381593,-0.015149724
821.5999756,-0.008411967,-0.014464874,-0.015645262
820.7999878,-0.006774365,-0.00695084,-0.01523531
820,-0.009403814,-0.011789705,-0.014123422
819.2000122,-0.006777168,-0.009281039,-0.014054458
818.4000244,-0.008592093,-0.011327828,-0.013237984
817.5999756,-0.007937841,-0.010792138,-0.015038516
816.7999878,-0.007166203,-0.009431424,-0.012473098
816,-0.009381825,-0.010031125,-0.015512851
815.2000122,-0.007549141,-0.009752386,-0.017108286
814.4000244,-0.005986,-0.011383005,-0.015104525
813.5999756,-0.005645684,-0.010976227,-0.013761639
812.7999878,-0.00855113,-0.014419203,-0.015887953
812,-0.009767422,-0.013278106,-0.015642716
811.2000122,-0.010055407,-0.009573248,-0.013325203
810.4000244,-0.006694181,-0.011310527,-0.014362407
809.5999756,-0.006312835,-0.01233393,-0.014652519
808.7999878,-0.005516885,-0.009071287,-0.013150546
808,-0.007378864,-0.011071018,-0.014951991
807.2000122,-0.006676286,-0.009365105,-0.013830499
806.4000244,-0.004713019,-0.011023979,-0.013205593
805.5999756,-0.006060496,-0.008677358,-0.012856212
804.7999878,-0.008822067,-0.010779563,-0.016029531
804,-0.004237501,-0.011052899,-0.01636879
803.2000122,-0.008568896,-0.012493773,-0.016541511
802.4000244,-0.006831805,-0.009712747,-0.015398888
801.5999756,-0.009334298,-0.012102938,-0.015914805
800.7999878,-0.007021502,-0.008048289,-0.015512251
800,-0.006733026,-0.009798045,-0.015819818
799.2000122,-0.005689835,-0.006840316,-0.015280247
798.4000244,-0.009610216,-0.011335445,-0.016008474
797.5999756,-0.006033896,-0.011220632,-0.014043681
796.7999878,-0.008561333,-0.012280836,-0.017128345
796,-0.007358758,-0.010538497,-0.01575337
795.2000122,-0.008728052,-0.01009198,-0.016049989
794.4000244,-0.0060486,-0.009211403,-0.01501111
793.5999756,-0.004844413,-0.00776141,-0.01458529
792.7999878,-0.00927881,-0.009497985,-0.016083315
792,-0.00589423,-0.010012254,-0.015981728
791.2000122,-0.007004487,-0.010952148,-0.014992805
790.4000244,-0.006061619,-0.00966232,-0.015172722
789.5999756,-0.008946187,-0.010968958,-0.0147947
788.7999878,-0.006050233,-0.006990223,-0.014353842
788,-0.008126293,-0.009457361,-0.015820816
787.2000122,-0.008527728,-0.011942446,-0.015785022
786.4000244,-0.008223182,-0.01198143,-0.017068965
785.5999756,-0.00669933,-0.008511635,-0.01488656
784.7999878,-0.007096737,-0.008009562,-0.014156948
784,-0.009921786,-0.013544354,-0.01676582
783.2000122,-0.008212666,-0.009164669,-0.015774587
782.4000244,-0.006501739,-0.010146859,-0.015802894
781.5999756,-0.006830735,-0.009141959,-0.014007089
780.7999878,-0.005066451,-0.00879807,-0.013725374
780,-0.006913747,-0.010139829,-0.015554612
779.2000122,-0.00942727,-0.011524546,-0.015733697
778.4000244,-0.009621154,-0.011823613,-0.018685881
777.5999756,-0.006523109,-0.008689486,-0.014530269
776.7999878,-0.006072544,-0.010574676,-0.014390405
776,-0.00822313,-0.011947836,-0.016040757
775.2000122,-0.005802951,-0.009017691,-0.015218765
774.4000244,-0.008339602,-0.010945685,-0.017382743
773.5999756,-0.007426401,-0.010098404,-0.013098959
772.7999878,-0.007918574,-0.009834084,-0.016017655
772,-0.006141869,-0.006411812,-0.014203398
771.2000122,-0.006721505,-0.009366727,-0.013005515
770.4000244,-0.007183568,-0.009046848,-0.014283411
769.5999756,-0.0064137,-0.006326663,-0.012568066
768.7999878,-0.009765447,-0.009506039,-0.012996872
768,-0.006448796,-0.009070221,-0.014541884
767.2000122,-0.005938765,-0.008635641,-0.013970894
766.4000244,-0.00849544,-0.009933881,-0.01518877
765.5999756,-0.006825638,-0.009016981,-0.014306405
764.7999878,-0.007861837,-0.010428478,-0.01555646
764,-0.008269052,-0.008929907,-0.014055009
763.2000122,-0.007744323,-0.010465626,-0.01495109
762.4000244,-0.00742859,-0.009189254,-0.01475762
761.5999756,-0.007140486,-0.009075901,-0.014053405
760.7999878,-0.007301387,-0.009618622,-0.015128475
760,-0.009153212,-0.009215053,-0.016144376
759.2000122,-0.008283122,-0.00973315,-0.015616346
758.4000244,-0.007239223,-0.00908751,-0.013852614
757.5999756,-0.006305233,-0.006534431,-0.011459203
756.7999878,-0.009891019,-0.009826845,-0.015551615
756,-0.008815674,-0.009668699,-0.015844626
755.2000122,-0.005476499,-0.007432661,-0.012723752
754.4000244,-0.00613901,-0.008526713,-0.013542347
753.5999756,-0.007330099,-0.00804275,-0.014659076
752.7999878,-0.006262726,-0.009479649,-0.013753012
752,-0.006631675,-0.010069925,-0.014583688
751.2000122,-0.006481491,-0.010975622,-0.014574877
750.4000244,-0.00897758,-0.009009122,-0.014796201
749.5999756,-0.005608121,-0.007958276,-0.012520988
748.7999878,-0.005496386,-0.007394337,-0.012987526
748,-0.007063068,-0.010072051,-0.014614525
747.2000122,-0.006395335,-0.007810228,-0.014425262
746.4000244,-0.0070648,-0.008557424,-0.013261233
745.5999756,-0.006231749,-0.008619349,-0.013714288
744.7999878,-0.006831805,-0.009179724,-0.013963875
744,-0.006234556,-0.008886896,-0.013499639
743.2000122,-0.006979932,-0.009394796,-0.014362106
742.4000244,-0.005762388,-0.00737978,-0.013344683
741.5999756,-0.00754273,-0.008698012,-0.013726678
740.7999878,-0.008565038,-0.009233705,-0.015051968
740,-0.009073467,-0.008484169,-0.013829396
739.2000122,-0.007582669,-0.009035844,-0.014348582
738.4000244,-0.005478493,-0.007434137,-0.012050875
737.5999756,-0.007719504,-0.010428226,-0.015013061
736.7999878,-0.00585342,-0.009030216,-0.013428317
736,-0.0082785,-0.009376404,-0.01382097
735.2000122,-0.008010934,-0.008923567,-0.013680477
734.4000244,-0.00692511,-0.009435477,-0.014725641
733.5999756,-0.005950714,-0.00922301,-0.013936853
732.7999878,-0.006560031,-0.009087308,-0.01343434
732,-0.006848164,-0.00817126,-0.014503281
731.2000122,-0.006894384,-0.009471697,-0.014130589
730.4000244,-0.005043935,-0.00782533,-0.013536776
729.5999756,-0.007001889,-0.008844185,-0.014068542
728.7999878,-0.006743578,-0.009924671,-0.013614954
728,-0.006534737,-0.007450779,-0.013320283
727.2000122,-0.007243908,-0.008342395,-0.013173249
726.4000244,-0.007450525,-0.009336629,-0.013221161
725.5999756,-0.006770185,-0.009214344,-0.014160255
724.7999878,-0.007483501,-0.009795515,-0.014380538
724,-0.006358653,-0.007827161,-0.013095493
723.2000122,-0.007464468,-0.008500771,-0.014875653
722.4000244,-0.00654769,-0.009411514,-0.013363007
721.5999756,-0.006330286,-0.007483857,-0.0116672
720.7999878,-0.006308141,-0.009155139,-0.01280263
720,-0.007874395,-0.009421798,-0.014091447
719.2000122,-0.007208672,-0.008441266,-0.01479535
718.4000244,-0.006132375,-0.008213174,-0.014267379
717.5999756,-0.00503892,-0.007824873,-0.012967929
716.7999878,-0.005583283,-0.007917507,-0.013419282
716,-0.005551593,-0.007089351,-0.012317523
715.2000122,-0.006030117,-0.008282158,-0.012713093
714.4000244,-0.00578124,-0.007271655,-0.013087003
713.5999756,-0.007493068,-0.008342293,-0.01448195
712.7999878,-0.006480675,-0.008100074,-0.013488849
712,-0.006960521,-0.00821038,-0.01411836
711.2000122,-0.005281267,-0.008154747,-0.013239038
710.4000244,-0.00655789,-0.007690869,-0.012742756
709.5999756,-0.007677593,-0.007518103,-0.013457831
708.7999878,-0.008054795,-0.007357332,-0.012961397
708,-0.007202206,-0.008348185,-0.013673655
707.2000122,-0.006655791,-0.007994568,-0.014089542
706.4000244,-0.005574593,-0.006669607,-0.012119352
705.5999756,-0.005471029,-0.007811754,-0.012807706
704.7999878,-0.005434116,-0.0066692,-0.012971346
704,-0.005926865,-0.007025934,-0.013212974
703.2000122,-0.005939071,-0.006652834,-0.013399554
702.4000244,-0.005697806,-0.007327655,-0.012433053
701.5999756,-0.006754486,-0.009054453,-0.012908431
700.7999878,-0.006866765,-0.007968798,-0.013034957
700,-0.004594291,-0.005884833,-0.013278106
699.2000122,-0.006443082,-0.006742201,-0.013407636
698.4000244,-0.005760396,-0.007817296,-0.013111567
697.5999756,-0.007093018,-0.007601391,-0.014120465
696.7999878,-0.006298395,-0.005601682,-0.012232065
696,-0.006607455,-0.00697229,-0.013531658
695.2000122,-0.006021386,-0.007955632,-0.013510982
694.4000244,-0.006483378,-0.006827677,-0.012606892
693.5999756,-0.00713799,-0.006804233,-0.013395086
692.7999878,-0.007120674,-0.007234692,-0.013553136
692,-0.006658391,-0.006200618,-0.012654465
691.2000122,-0.004353149,-0.005782977,-0.010623583
690.4000244,-0.005770716,-0.00678461,-0.013197306
689.5999756,-0.005751762,-0.007491134,-0.013622832
688.7999878,-0.007699261,-0.008385816,-0.013523729
688,-0.005449199,-0.005973694,-0.012140598
687.2000122,-0.006100265,-0.008104596,-0.012944664
686.4000244,-0.006188572,-0.006293752,-0.012925919
685.5999756,-0.006038848,-0.007222675,-0.013702199
684.7999878,-0.005073564,-0.007232655,-0.013424001
684,-0.005296713,-0.007378151,-0.012202215
683.2000122,-0.00593616,-0.007602052,-0.01410979
682.4000244,-0.005998409,-0.008054389,-0.014368367
681.5999756,-0.007619197,-0.007831228,-0.014166469
680.7999878,-0.008253001,-0.008703594,-0.014216176
680,-0.006184642,-0.005757637,-0.012145683
679.2000122,-0.004295944,-0.005972469,-0.01054926
678.4000244,-0.005609042,-0.007726116,-0.011816559
677.5999756,-0.005428338,-0.007003163,-0.012255419
676.7999878,-0.005446591,-0.005947191,-0.013032545
676,-0.006277117,-0.005574543,-0.012823038
675.2000122,-0.007138194,-0.006578594,-0.01334619
674.4000244,-0.005041581,-0.007556518,-0.01287908
673.5999756,-0.007135495,-0.00702568,-0.013293521
672.7999878,-0.006048855,-0.00596823,-0.012526319
672,-0.007306835,-0.007787498,-0.012669549
671.2000122,-0.005558186,-0.006528617,-0.012808008
670.4000244,-0.006847349,-0.005576842,-0.012365933
669.5999756,-0.005938713,-0.007228022,-0.013079116
668.7999878,-0.00551852,-0.005383752,-0.012300866
668,-0.004699448,-0.005707566,-0.011853942
667.2000122,-0.006979167,-0.006287424,-0.01312076
666.4000244,-0.007158819,-0.006831601,-0.012323009
665.5999756,-0.007229804,-0.007125665,-0.012796145
664.7999878,-0.006515102,-0.007051812,-0.012562232
664,-0.006738327,-0.006155804,-0.012421733
663.2000122,-0.005870838,-0.004833098,-0.011622342
662.4000244,-0.006046659,-0.005724631,-0.011577329
661.5999756,-0.006507401,-0.005552053,-0.011159077
660.7999878,-0.007797719,-0.00686809,-0.011827946
660,-0.005574031,-0.005710427,-0.01198143
659.2000122,-0.007128008,-0.005635208,-0.012280785
658.4000244,-0.0058288,-0.004799868,-0.012142561
657.5999756,-0.006649418,-0.005609859,-0.013782805
656.7999878,-0.006643401,-0.005340644,-0.013588813
656,-0.005676345,-0.004812208,-0.011389611
655.2000122,-0.004936917,-0.005657387,-0.011745111
654.4000244,-0.005328523,-0.005393161,-0.011320515
653.5999756,-0.004652174,-0.004046686,-0.011199997
652.7999878,-0.004420238,-0.00349233,-0.011440444
652,-0.005611495,-0.004540755,-0.012112203
651.2000122,-0.005745273,-0.004675479,-0.012228189
650.4000244,-0.006415179,-0.004828387,-0.012228139
649.5999756,-0.005377616,-0.004754295,-0.011770356
648.7999878,-0.006153762,-0.004543163,-0.011424308
648,-0.005202546,-0.005128825,-0.010387991
647.2000122,-0.005923699,-0.003940397,-0.01077825
646.4000244,-0.006090514,-0.005065786,-0.011267096
645.5999756,-0.005782875,-0.005189911,-0.011813889
644.7999878,-0.005658153,-0.004584404,-0.011172297
644,-0.006066979,-0.00449823,-0.011088833
643.2000122,-0.005240809,-0.003569873,-0.010228127
642.4000244,-0.005833193,-0.003704179,-0.010492108
641.5999756,-0.005350155,-0.003435731,-0.010502771
640.7999878,-0.007180818,-0.004633786,-0.011680758
640,-0.004899907,-0.003961483,-0.009815357
639.2000122,-0.003737749,-0.003383645,-0.010579577
638.4000244,-0.004832432,-0.003498853,-0.012714903
637.5999756,-0.005375928,-0.004277335,-0.012258439
636.7999878,-0.005770154,-0.004109002,-0.011179462
636,-0.005558953,-0.004321934,-0.011143233
635.2000122,-0.005517447,-0.004003548,-0.011933733
634.4000244,-0.00583447,-0.003344191,-0.011407111
633.5999756,-0.007477089,-0.004990557,-0.013692567
632.7999878,-0.006384979,-0.004129412,-0.012446586
632,-0.006289415,-0.004177922,-0.011769802
631.2000122,-0.006213683,-0.003923466,-0.011188695
630.4000244,-0.005492194,-0.003783891,-0.011658481
629.5999756,-0.005375213,-0.003555393,-0.011323541
628.7999878,-0.005893822,-0.004367705,-0.012389129
628,-0.00632054,-0.004427258,-0.013301806
627.2000122,-0.005622176,-0.004132899,-0.012643955
626.4000244,-0.006527597,-0.004525949,-0.012426764
625.5999756,-0.006917722,-0.005254056,-0.013165212
624.7999878,-0.006323194,-0.004464001,-0.012369304
624,-0.005254466,-0.003491457,-0.012356875
623.2000122,-0.00546832,-0.003579167,-0.011857317
622.4000244,-0.005000588,-0.003553852,-0.012171055
621.5999756,-0.005300446,-0.003172976,-0.011565281
620.7999878,-0.005567029,-0.004033761,-0.012029625
620,-0.005126983,-0.004939067,-0.011922652
619.2000122,-0.006465679,-0.004574261,-0.011670678
618.4000244,-0.005679462,-0.002596558,-0.011348356
617.5999756,-0.004860744,-0.001917226,-0.010892221
616.7999878,-0.005339774,-0.002706367,-0.010555324
616,-0.00470585,-0.003232899,-0.011638271
615.2000122,-0.004619545,-0.002637109,-0.010127791
614.4000244,-0.005105084,-0.002417532,-0.009684598
613.5999756,-0.005538916,-0.001642255,-0.009307188
612.7999878,-0.005775007,-0.00240291,-0.009954272
612,-0.005724938,-0.001507929,-0.010577051
611.2000122,-0.005660912,-0.002240543,-0.010276214
610.4000244,-0.005280602,-0.001651384,-0.009285246
609.5999756,-0.004202175,-0.002190374,-0.009099578
608.7999878,-0.005269248,-0.001008485,-0.008271846
608,-0.003809243,-0.000169882,-0.007527516
607.2000122,-0.003681592,-0.00191738,-0.008931479
606.4000244,-0.003570489,-0.00253032,-0.009794806
605.5999756,-0.002974494,-0.001227949,-0.008858033
604.7999878,-0.003184797,-0.000710868,-0.009180636
604,-0.004490185,-0.001607439,-0.009358873
603.2000122,-0.005135783,-0.002151069,-0.010291129
602.4000244,-0.005419595,-0.000848231,-0.009647333
601.5999756,-0.005566058,-0.001235435,-0.009016778
600.7999878,-0.004611452,-0.001699707,-0.009515207
600,-0.004555305,-0.000998774,-0.00898833
599.2000122,-0.004094693,-0.00073976,-0.009317931
598.4000244,-0.003848706,-0.000885071,-0.008918393
597.5999756,-0.004035659,-0.000500088,-0.008363674
596.7999878,-0.004146284,-0.000586129,-0.009063732
596,-0.003655513,-4.61E-05,-0.008232122
595.2000122,-0.003814529,0.000631092,-0.008376522
594.4000244,-0.003403165,-0.000980902,-0.009634066
593.5999756,-0.00275555,-0.000459905,-0.008515493
592.7999878,-0.003039123,0.000153401,-0.008527931
592,-0.002661911,0.000275126,-0.008737541
591.2000122,-0.001948202,0.000237051,-0.008659444
590.4000244,-0.00175411,0.001958749,-0.008731299
589.5999756,-0.001846141,0.001847731,-0.007574631
588.7999878,-0.003108676,0.002393373,-0.006617551
588,-0.002743615,0.002704036,-0.0062763
587.2000122,-0.00092914,0.003034289,-0.004503968
586.4000244,-0.002525996,0.002243575,-0.005836666
585.5999756,-0.001251645,0.002815039,-0.004308247
584.7999878,-0.001448232,0.003529384,-0.004878509
584,-0.001886659,0.004220857,-0.004402915
583.2000122,-0.000519893,0.004733532,-0.003219178
582.4000244,-0.00072901,0.004480781,-0.003341468
581.5999756,-0.002345705,0.003349038,-0.002903377
580.7999878,-0.001697748,0.004160638,-0.003057116
580,-0.001261298,0.004175065,-0.003382412
579.2000122,-0.00085748,0.003850707,-0.004845948
578.4000244,-0.001050785,0.004604613,-0.004948485
577.5999756,-0.001872689,0.004230084,-0.004879942
576.7999878,-0.002550496,0.002896467,-0.003934138
576,-0.001591913,0.003381986,-0.004477222
575.2000122,-0.00247658,0.001591768,-0.006416098
574.4000244,-0.002356312,0.002313731,-0.006480012
573.5999756,-0.00295259,0.001601615,-0.006735982
572.7999878,-0.003945528,0.001312484,-0.007196095
572,-0.004580306,0.00041655,-0.009310634
571.2000122,-0.003527663,0.000854897,-0.008316035
570.4000244,-0.004698219,0.000772321,-0.00919787
569.5999756,-0.004152745,0.00029033,-0.00938603
568.7999878,-0.003750375,8.46E-05,-0.009314131
568,-0.004938555,-0.000497295,-0.010485841
567.2000122,-0.003874158,0.000109511,-0.009843649
566.4000244,-0.004717475,-0.000157617,-0.010224689
565.5999756,-0.004991683,4.24E-05,-0.009665459
564.7999878,-0.004907842,0.001135729,-0.009528781
564,-0.004823728,0.000156949,-0.009955638
563.2000122,-0.004509041,0.000818975,-0.009042385
562.4000244,-0.005355014,0.000586454,-0.00990109
561.5999756,-0.005131127,0.000287326,-0.009524982
560.7999878,-0.003861279,0.000910742,-0.008573921
560,-0.004507811,0.001369116,-0.008491937
559.2000122,-0.004451088,0.001300255,-0.009070627
558.4000244,-0.004547569,0.001177517,-0.009900786
557.5999756,-0.0029367,0.002335384,-0.008528438
556.7999878,-0.003503218,0.003486065,-0.008064399
556,-0.005476755,0.001856752,-0.009550408
555.2000122,-0.004750813,0.001632534,-0.008364131
554.4000244,-0.00483832,0.000989115,-0.008832466
553.5999756,-0.003903662,0.002443664,-0.007984403
552.7999878,-0.002042768,0.003757089,-0.006463384
552,-0.003919156,0.003608492,-0.007214325
551.2000122,-0.004461388,0.00255322,-0.007574224
550.4000244,-0.003189217,0.003336386,-0.007347661
549.5999756,-0.002880388,0.004586143,-0.007105649
548.7999878,-0.003838495,0.002736883,-0.007714723
548,-0.00243344,0.004804327,-0.006481644
547.2000122,-0.003489865,0.003708395,-0.00757804
546.4000244,-0.004090949,0.00366545,-0.008215816
545.5999756,-0.002074664,0.0059341,-0.00564042
544.7999878,-0.002532584,0.005242542,-0.005466888
544,-0.003189731,0.005584145,-0.005584918
543.2000122,-0.003697916,0.004679312,-0.005997336
542.4000244,-0.005102679,0.003571951,-0.009043146
541.5999756,-0.003619318,0.004482716,-0.007532248
540.7999878,-0.002954955,0.003207464,-0.007896612
540,-0.003039483,0.003518475,-0.00717206
539.2000122,-0.002610144,0.003287948,-0.007174657
538.4000244,-0.00148497,0.004934169,-0.006931122
537.5999756,-0.001955779,0.005132095,-0.005265565
536.7999878,-0.002406874,0.004225353,-0.005958834
536,-0.002463711,0.00479425,-0.00544562
535.2000122,-0.002475602,0.006490999,-0.005429872
534.4000244,-0.002274741,0.006214325,-0.005488257
533.5999756,-0.003302575,0.005869234,-0.00616147
532.7999878,-0.002260012,0.005495213,-0.005868233
532,-0.001901092,0.00566119,-0.005488002
531.2000122,-0.001333976,0.006420297,-0.003971692
530.4000244,-0.001698882,0.006247596,-0.006364878
529.5999756,-0.00238113,0.006302459,-0.005418471
528.7999878,-0.00181691,0.006933499,-0.006195667
528,-0.002008397,0.006590465,-0.00605733
527.2000122,-0.003466702,0.00511232,-0.005833397
526.4000244,-0.002658001,0.006497043,-0.005725858
525.5999756,-0.00167748,0.00764388,-0.00486612
524.7999878,-0.001880267,0.007398856,-0.004831203
524,-0.001842635,0.007504033,-0.005100632
523.2000122,-0.002703743,0.007279962,-0.004678244
522.4000244,-0.002598102,0.007556105,-0.005899133
521.5999756,-0.002194186,0.008277743,-0.004656067
520.7999878,-0.000264578,0.009036474,-0.00255029
520,-0.001062922,0.008666265,-0.002628876
519.2000122,-0.00154688,0.007444911,-0.003422684
518.4000244,-0.001084768,0.007514779,-0.004549055
517.5999756,-0.00075666,0.008363685,-0.004260213
516.7999878,-0.001523303,0.007847869,-0.003577113
516,-0.003607099,0.007432613,-0.005407528
515.2000122,-0.002137468,0.008541982,-0.004650484
514.4000244,-0.002365426,0.008071917,-0.005981814
513.5999756,-0.001935369,0.008686969,-0.004989636
512.7999878,-0.000679079,0.010212438,-0.002565988
512,-0.001883566,0.009937013,-0.003321174
511.1999817,-0.000832006,0.008867221,-0.003399518
510.3999939,-0.001183084,0.008790241,-0.004123156
509.6000061,-0.000425874,0.009750173,-0.003342033
508.7999878,-0.00063607,0.010337254,-0.002303375
508,-0.00091018,0.009242652,-0.004157565
507.1999817,-0.001792214,0.009293452,-0.004262571
506.3999939,-0.002587192,0.009330451,-0.003601194
505.6000061,-0.00154688,0.009495201,-0.002791663
504.7999878,-0.00152903,0.010524902,-0.002325364
504,-0.001624306,0.010543387,-0.002397864
503.1999817,-0.001330724,0.00982743,-0.002498458
502.3999939,-0.000831334,0.009851871,-0.00346547
501.6000061,-0.001650507,0.009659749,-0.004170846
500.7999878,-0.002661911,0.009104299,-0.003110887
500,-0.002123764,0.010563625,-0.002488729
499.1999817,-0.001752254,0.010599273,-0.002291634
498.3999939,-0.000986687,0.011002702,-0.002044366
497.6000061,-0.001137492,0.011052698,-0.001404422
496.7999878,-0.000103066,0.011507262,-0.002157302
496,-0.001189332,0.012036174,-0.002612614
495.1999817,-0.001108677,0.011146229,-0.002273196
494.3999939,-0.000820896,0.012314746,-0.001295935
493.6000061,-0.000552262,0.012709402,-0.000365408
492.7999878,-3.42E-05,0.012988781,-0.000109225
492,0.000598352,0.012289261,-0.000944018
491.1999817,0.000989063,0.013471569,-0.001959077
490.3999939,-0.001451689,0.013181341,-0.001107387
489.6000061,-0.001410099,0.012659508,-0.002364911
488.7999878,0.000644132,0.013663168,-0.001627607
488,4.59E-05,0.013878103,-0.001341718
487.1999817,5.05E-05,0.014660559,-0.000816452
486.3999939,-0.001240804,0.013942438,-0.000674013
485.6000061,-0.000499415,0.014965014,4.54E-05
484.7999878,0.00026347,0.015182711,0.00036613
484,0.00016653,0.015462398,-7.48E-05
483.1999817,-0.001147406,0.014677293,0.000460963
482.3999939,-0.000225926,0.015357984,0.001087614
481.6000061,-0.000805032,0.015359513,0.000953235
480.7999878,-0.001656748,0.015318456,-0.000300018
480,0.000822373,0.016588381,0.001538017
479.1999817,-0.000193015,0.017359924,-0.000533338
478.3999939,0.000331778,0.017422622,-0.000462543
477.6000061,-0.000318126,0.017730502,0.000444897
476.7999878,0.000676565,0.017140377,0.000245054
476,0.000258393,0.016721364,-0.000286049
475.1999817,0.000442047,0.017708985,0.001342993
474.3999939,0.000832799,0.017406724,0.001016825
473.6000061,0.000551514,0.017755419,0.000187558
472.7999878,-0.001565296,0.017983073,0.001550746
472,-0.00035232,0.016943147,0.00210746
471.1999817,-0.000513429,0.018793266,0.000661709
470.3999939,-0.00048054,0.01816288,0.000552032
469.6000061,-0.000388582,0.017673314,0.000480373
468.7999878,5.17E-05,0.017927254,0.00151152
468,-1.86E-05,0.017874572,0.00086247
467.1999817,0.000271681,0.018379029,0.000652221
466.3999939,-0.000113521,0.019115375,0.000791459
465.6000061,-7.07E-05,0.019175107,0.001123246
464.7999878,-0.000178887,0.018937498,0.001236441
464,-1.36E-05,0.020713251,0.002319014
463.1999817,0.000666609,0.020306647,0.002385564
462.3999939,0.001212637,0.020542508,0.002520829
461.6000061,0.002081059,0.022906076,0.003622561
460.7999878,0.001816666,0.021996377,0.002539316
460,0.000582333,0.020515831,0.001519989
459.1999817,0.000256476,0.019817693,0.001569893
458.3999939,0.001718236,0.020108489,0.002022773
457.6000061,0.001864395,0.021603858,0.002786615
456.7999878,0.0016204,0.022054682,0.002663612
456,0.000486307,0.0219368,0.002019965
455.1999817,0.000851758,0.021697078,0.002130325
454.3999939,0.001601329,0.022644736,0.003369881
453.6000061,0.001103081,0.021691389,0.001521755
452.7999878,0.002527313,0.023394451,0.002749882
452,0.000866491,0.02257471,0.002014529
451.1999817,-0.00062997,0.022898627,0.002380879
450.3999939,0.001613983,0.024829296,0.003055144
449.6000061,0.00105637,0.024130873,0.003759674
448.7999878,0.000917305,0.023981705,0.003693723
448,0.000669228,0.023136748,0.002780831
447.1999817,0.002105743,0.025001926,0.003050321
446.3999939,0.002536998,0.024573591,0.003668217
445.6000061,0.001861613,0.024824308,0.004999811
444.7999878,0.001634379,0.023888761,0.005539441
444,0.001508169,0.024596876,0.003360437
443.1999817,0.001428379,0.025569588,0.00412094
442.3999939,0.002790054,0.028137749,0.004842569
441.6000061,0.000862211,0.026394429,0.004028179
440.7999878,0.001468298,0.025821265,0.002966806
440,0.002270065,0.026608769,0.003628382
439.1999817,0.000833707,0.026035817,0.003662108
438.3999939,0.002787917,0.028365081,0.004878693
437.6000061,0.001994141,0.027949624,0.004028597
436.7999878,0.001893617,0.027711773,0.004193047
436,0.001485675,0.027367044,0.004895133
435.1999817,0.001666028,0.027140178,0.003556813
434.3999939,0.001126853,0.028297247,0.003030822
433.6000061,-0.000475575,0.026930092,0.00221982
432.7999878,-0.000717019,0.02670216,0.001087121
432,0.00057803,0.028171832,0.002687913
431.1999817,0.00211261,0.029883796,0.003641303
430.3999939,6.96E-05,0.027613835,0.002415316
429.6000061,-0.000174747,0.029608719,0.002264106
428.7999878,0.00042523,0.029451896,0.00348082
428,0.000322892,0.030840782,0.004195346
427.1999817,0.001219205,0.031475019,0.005366697
426.3999939,0.001368701,0.031537451,0.003372307
425.6000061,0.00113181,0.031065531,0.003302919
424.7999878,0.001627026,0.031699568,0.002541659
424,0.000538918,0.032758594,0.003763356
423.1999817,0.001576206,0.033457983,0.004786005
422.3999939,0.001688247,0.033820204,0.004671017
421.6000061,0.000300226,0.033567961,0.002140886
420.7999878,0.002425129,0.034419131,0.00478679
420,0.000323151,0.033946283,0.005505018
419.1999817,0.001452247,0.035311762,0.005532467
418.3999939,0.001411809,0.037202787,0.004830423
417.6000061,0.001869724,0.036227021,0.004484547
416.7999878,0.001619777,0.035117753,0.005140373
416,0.000757903,0.036247786,0.004640509
415.1999817,0.001582909,0.037676316,0.005032047
414.3999939,0.001162722,0.037376653,0.004702129
413.6000061,-0.000458716,0.036695208,0.00422964
412.7999878,0.000495974,0.038083188,0.005371048
412,0.001741419,0.038223624,0.005231957
411.1999817,0.002596577,0.039717246,0.005554543
410.3999939,0.000505744,0.039374366,0.005080235
409.6000061,0.001317651,0.040256176,0.004496578
408.7999878,0.002441998,0.04144524,0.005019687
408,0.00289076,0.042061515,0.006059713
407.1999817,0.002241858,0.042875707,0.005269739
406.3999939,0.002042669,0.042631887,0.005410099
405.6000061,0.003509524,0.044209521,0.006746002
404.7999878,0.002652803,0.043556225,0.004509081
404,0.0020905,0.045742746,0.006645896
403.1999817,0.000863845,0.044200897,0.004904244
402.3999939,0.00199734,0.043971282,0.004695928
401.6000061,0.002992297,0.047137748,0.006261778
400.7999878,0.00132313,0.047048628,0.005156456
400,0.001626532,0.047107019,0.004163146
399.1999817,0.001314146,0.045830738,0.00370085
398.3999939,0.001420353,0.047578771,0.004103431
397.6000061,0.002861601,0.04932192,0.005630192
396.7999878,0.004141376,0.050157841,0.004746931
396,0.002934619,0.049583223,0.004102021
395.1999817,0.002717633,0.051501859,0.006039921
394.3999939,0.002198875,0.048995279,0.003135573
393.6000061,0.002535879,0.051053837,0.003953749
392.7999878,0.004240906,0.053133287,0.005585614
392,0.003610841,0.051543362,0.005359647
391.1999817,0.002449078,0.053841569,0.006009841
390.3999939,0.002177203,0.054265842,0.006041863
389.6000061,0.002340979,0.054625269,0.004702967
388.7999878,0.002369921,0.054137949,0.004562835
388,0.001443234,0.054777738,0.003972166
387.1999817,0.002651631,0.058372889,0.005870363
386.3999939,0.00115125,0.058412954,0.004541568
385.6000061,0.004032777,0.059648044,0.006055933
384.7999878,0.003500887,0.061566845,0.005989973
384,0.004734239,0.062470932,0.006975716
383.1999817,0.005096814,0.064991914,0.008423092
382.3999939,0.002172729,0.06160434,0.007369235
381.6000061,0.000302143,0.062348098,0.007148838
380.7999878,0.003987527,0.062377233,0.007445306
380,0.004203345,0.064269401,0.00686254
379.1999817,0.005412354,0.066937722,0.010790458
378.3999939,0.004240409,0.067578733,0.008609651
377.6000061,0.002870043,0.066173166,0.004061257
376.7999878,0.002911555,0.066674434,0.004513109
376,0.004516248,0.069613487,0.00713626
375.1999817,0.005294579,0.071609527,0.009101576
374.3999939,0.004077562,0.073505342,0.009439351
373.6000061,0.005886106,0.073280051,0.009578844
372.7999878,0.004033038,0.073377542,0.007361863
372,0.003877869,0.075620398,0.010476318
371.1999817,0.002411359,0.07597664,0.009373749
370.3999939,-0.000819863,0.073408835,0.008253919
369.6000061,0.000576034,0.074974865,0.007925157
368.7999878,0.001768059,0.076811522,0.007946961
368,0.002911399,0.080224052,0.0075992
367.1999817,0.002837942,0.08139845,0.008000719
366.3999939,0.003037365,0.080241278,0.00658463
365.6000061,0.006096937,0.085869163,0.010892187
364.7999878,0.003173616,0.082344137,0.011007003
364,0.006262119,0.090301089,0.012020445
363.1999817,0.004870028,0.086569272,0.012434972
362.3999939,0.004508636,0.084131792,0.009161031
361.6000061,0.002662883,0.090379305,0.009503244
360.7999878,0.004729031,0.088461988,0.009983072
360,0.00171886,0.088235594,0.005495763
359.1999817,-0.003111812,0.085821092,0.008725871
358.3999939,0.003035488,0.090901054,0.006020577
357.6000061,-0.001059307,0.086994737,0.003473774
356.7999878,0.000391495,0.089024588,0.001738196
356,0.000567558,0.094234668,0.003655217
355.1999817,-0.00110057,0.092326194,0.004238815
354.3999939,0.002862382,0.099045016,0.004727853
353.6000061,0.007427873,0.110087395,0.012376746
352.7999878,0.013219233,0.099541701,0.009816866
352,0.000830335,0.099580638,0.001503702
351.1999817,0.000692069,0.098756492,0.001723564
350.3999939,0.003223737,0.099902451,0.004617825
349.6000061,0.003768265,0.112411127,0.012563919
348.7999878,0.001230938,0.101701073,0.005380142
348,0.002735008,0.107308984,0.008117885
347.1999817,0.002570041,0.108660415,0.007130576
346.3999939,0.003496007,0.106662147,0.008815969
345.6000061,-0.001769115,0.106360547,0.0044086
344.7999878,-0.000505517,0.109363012,0.007809994
344,-0.000834641,0.108785562,0.005844624
343.1999817,8.02E-05,0.111354671,0.007038458
342.3999939,0.002477376,0.115805037,0.011075535
341.6000061,-0.000158186,0.113799572,0.007534981
340.7999878,0.002415237,0.116015643,0.010827267
340,0.004024234,0.120176621,0.007815029
339.1999817,0.004565189,0.121835969,0.008019784
338.3999939,0.002410995,0.120009176,0.010677371
337.6000061,8.13E-05,0.117458388,0.006341306
336.7999878,0.004089948,0.124040216,0.011374483
336,0.002967145,0.127720669,0.009341295
335.1999817,0.00366049,0.128399327,0.009662343
334.3999939,0.003084993,0.128896698,0.007267248
333.6000061,0.006917191,0.134641245,0.013460115
332.7999878,0.001970399,0.12977989,0.009552143
332,0.001422119,0.135781303,0.010391761
331.1999817,0.003714087,0.135889456,0.01038911
330.3999939,0.003237246,0.138494462,0.010902991
329.6000061,0.001213468,0.13458471,0.006486769
328.7999878,-0.000647029,0.135878235,0.008790425
328,0.001491623,0.138996601,0.007801034
327.1999817,0.004187715,0.141457573,0.010212386
326.3999939,0.00414595,0.145819798,0.011264114
325.6000061,0.000446814,0.142170042,0.005879835
324.7999878,0.004012163,0.147614464,0.008394377
324,0.004022196,0.146939039,0.01222927
323.1999817,0.002075024,0.145518705,0.007625807
322.3999939,0.001736169,0.149462149,0.010460169
321.6000061,0.003255085,0.150312528,0.007300706
320.7999878,0.00407555,0.15466921,0.009333413
320,0.004922858,0.154301941,0.011249661
319.1999817,0.002692836,0.156056613,0.009202435
318.3999939,0.005478697,0.161619857,0.013929448
317.6000061,0.000696658,0.160845637,0.009625077
316.7999878,0.000401988,0.161672548,0.00601824
316,0.004424369,0.16344358,0.007999322
315.1999817,0.003035671,0.167178437,0.012076415
314.3999939,0.001257859,0.166924626,0.008491771
313.6000061,0.004118353,0.168149814,0.012345798
312.7999878,0.001934047,0.169195548,0.009123517
312,0.005042234,0.174266547,0.012737124
311.1999817,0.003218104,0.171592534,0.010124488
310.3999939,0.005098962,0.176332399,0.01399764
309.6000061,0.002841902,0.178713039,0.010727039
308.7999878,0.003561171,0.180151328,0.008653748
308,0.003892861,0.179580107,0.011522572
307.1999817,0.003696516,0.183336958,0.011324476
306.3999939,0.005318399,0.187880576,0.013603254
305.6000061,0.008171639,0.193699002,0.014491857
304.7999878,0.004942128,0.190817192,0.012247669
304,0.003064059,0.191041872,0.012373869
303.1999817,0.003057933,0.19208543,0.009694106
302.3999939,0.006582239,0.199246526,0.01293856
301.6000061,0.005833762,0.201108664,0.01195344
300.7999878,0.006882974,0.20235303,0.01360459
300,0.004042314,0.203847587,0.011816482
299.1999817,0.003540319,0.205916822,0.012151798
298.3999939,0.005249695,0.207626551,0.013981493
297.6000061,0.003746384,0.210327432,0.011112712
296.7999878,0.007363574,0.210906938,0.011945911
296,0.006699942,0.21558021,0.014386017
295.1999817,0.007120103,0.21648021,0.015141163
294.3999939,0.005607981,0.215907738,0.012818167
293.6000061,0.008069491,0.219641492,0.014873443
292.7999878,0.005225145,0.221051917,0.015291668
292,0.007069767,0.223180234,0.015140868
291.1999817,0.008335687,0.226382166,0.016140318
290.3999939,0.005447346,0.226507694,0.014128523
289.6000061,0.005989868,0.232839853,0.01562807
288.7999878,0.004910266,0.231892243,0.014463915
288,0.00689949,0.234864503,0.014393831
287.1999817,0.007243164,0.23554498,0.015809428
286.3999939,0.008312809,0.243878901,0.018477283
285.5999756,0.003320291,0.240238577,0.013897133
284.7999878,0.008765278,0.245923266,0.017913684
284,0.006415726,0.247002274,0.015546017
283.1999817,0.00952772,0.247737274,0.016011542
282.3999939,0.006964326,0.249334276,0.013677246
281.5999756,0.00708408,0.257308036,0.016313666
280.7999878,0.00877978,0.255667001,0.017029313
280,0.011286297,0.26052931,0.018769046
279.1999817,0.008954812,0.260017037,0.015926866
278.3999939,0.009033037,0.261888057,0.020073054
277.5999756,0.010057351,0.265119731,0.018022493
276.7999878,0.009835771,0.26900965,0.018119074
276,0.009117886,0.270308912,0.018976383
275.1999817,0.009277399,0.271618486,0.016692661
274.3999939,0.01076164,0.275280744,0.015950335
273.5999756,0.007681213,0.275980264,0.016092366
272.7999878,0.007533506,0.281214893,0.016577354
272,0.011071047,0.2836169,0.016314391
271.1999817,0.007139286,0.281946421,0.015380538
270.3999939,0.008616832,0.287181735,0.018725315
269.5999756,0.010339879,0.291060895,0.018268403
268.7999878,0.008644241,0.290697396,0.018050637
268,0.007347251,0.294748336,0.017344944
267.1999817,0.006894651,0.296945393,0.017291309
266.3999939,0.009569793,0.300149828,0.0195728
265.5999756,0.010422597,0.301250517,0.017076455
264.7999878,0.008364292,0.303330332,0.019113589
264,0.010082916,0.305099338,0.017873492
263.1999817,0.009073451,0.308021456,0.019140208
262.3999939,0.00880181,0.309397519,0.019069878
261.5999756,0.00935124,0.309365392,0.018280849
260.7999878,0.008957718,0.311256081,0.017777018
260,0.009619493,0.315060467,0.01889886
259.1999817,0.010025535,0.317401558,0.021014374
258.3999939,0.00809225,0.320882887,0.019720055
257.5999756,0.008451465,0.318032622,0.02115652
256.7999878,0.008604608,0.320436567,0.020734837
255.9999847,0.010684933,0.323131889,0.018968675
255.1999969,0.007966153,0.32274738,0.020170093
254.3999939,0.007612793,0.325378299,0.019316031
253.5999908,0.005774342,0.327177882,0.018421778
252.7999878,0.010642114,0.329182625,0.019805122
251.9999847,0.009148367,0.331473589,0.019924432
251.1999969,0.008412165,0.332981318,0.020651734
250.3999939,0.009250876,0.334499359,0.023878314
249.5999908,0.010552114,0.339210898,0.023423791
248.7999878,0.010055469,0.341327906,0.023641972
247.9999847,0.008310197,0.33960107,0.022957407
247.1999969,0.007721185,0.344290763,0.021275168
246.3999939,0.007898902,0.345676512,0.020987695
245.5999908,0.007319713,0.349984705,0.022400262
244.7999878,0.006991184,0.349958062,0.023131751
243.9999847,0.006214561,0.354816407,0.023585914
243.1999969,0.006401277,0.357092738,0.023050725
242.3999939,0.008498846,0.361749232,0.022795165
241.5999908,0.005735388,0.361985505,0.022754136
240.7999878,0.006667556,0.367906481,0.023305783
239.9999847,0.006863618,0.369463533,0.024095492
239.1999969,0.004443172,0.374914199,0.023591463
238.3999939,0.008547261,0.380541533,0.025741303
237.5999908,0.00607171,0.383485258,0.024692301
236.7999878,0.008104751,0.388511419,0.02553829
235.9999847,0.007818138,0.393229634,0.026904698
235.1999969,0.006290404,0.395296544,0.025871871
234.3999939,0.009169676,0.402009219,0.027068842
233.5999908,0.007531609,0.4054389,0.025821073
232.7999878,0.009502583,0.410073817,0.028608542
231.9999847,0.005844755,0.412710369,0.028207822
231.1999969,0.007339405,0.419249475,0.027896043
230.3999939,0.009030791,0.422730178,0.02691756
229.5999908,0.008665605,0.429408521,0.02893929
228.7999878,0.008098396,0.431086958,0.027329138
227.9999847,0.007718313,0.434206486,0.029591233
227.1999969,0.005184958,0.438971371,0.02724785
226.3999939,0.007207368,0.444066733,0.031511787
225.5999908,0.004722148,0.446308315,0.031376757
224.7999878,0.005979632,0.455056489,0.032622393
223.9999847,0.006105941,0.458305299,0.031687733
223.1999969,0.006484641,0.462583184,0.031642433
222.3999939,0.006478834,0.465892792,0.034710284
221.5999908,0.007086528,0.472041994,0.036184281
220.7999878,0.008958511,0.473549962,0.036328949
219.9999847,0.00722974,0.478132486,0.037225712
219.1999969,0.006302039,0.48598966,0.036571398
218.3999939,0.007560715,0.488204479,0.0374576
217.5999908,0.005609686,0.492319584,0.039323125
216.7999878,0.007037458,0.497154653,0.038882758
215.9999847,0.007097763,0.506744266,0.041745957
215.1999969,0.007645593,0.511991382,0.043872986
214.3999939,0.00567383,0.514039516,0.043483775
213.5999908,0.007203052,0.515502632,0.045020722
212.7999878,0.004779645,0.520086169,0.043102141
211.9999847,0.005632211,0.529607654,0.04701107
211.1999969,0.004731909,0.532049477,0.046452608
210.3999939,0.005946802,0.537576854,0.047350306
209.5999908,0.006957566,0.5411461,0.047021568
208.7999878,0.005248358,0.543775678,0.047885414
207.9999847,0.004411895,0.550269425,0.052910041
207.1999969,0.003610736,0.55200994,0.051173139
206.3999939,0.003620629,0.555366874,0.051548086
205.5999908,0.002567307,0.558281362,0.054017536
204.7999878,0.004463938,0.560360134,0.054045767
203.9999847,0.003508037,0.564999104,0.055624593
203.1999969,0.003764531,0.566605866,0.054125719
202.3999939,0.004162572,0.574753702,0.059090339
201.5999908,0.006541925,0.573127329,0.062636584
200.7999878,7.75E-05,0.569809198,0.055327639
199.9999847,0.002394414,0.568774641,0.060946077
,,,
,,,
,,,
,,,
,,,
,,,
,,,
,,,
,,,
,,,
,,,
,,,
,,,
,,,
,,,
,,,
,,,
,,,
,,,
,,,
,,,
,,,
,,,
,,,
,,,
,,,
,,,
,,,
,,,
,,,
,,,
,,,
,,,
,,,
,,,
,,,
 New: 900.00,,,
 New:    0.800,,,
 New:1.0,,,
 New:1.0,,,
 New:1,,,
 New:1,,,
 New:1,,,
 New:    10.00,,,
 New:0,,,
 New:1,,,
 New:30,,,
 New:ON,,,
 New:ON,,,
,,,
,,,
 New:JKK,,,
 New:3,,,
,,,
,,,
,,,
,,,
,,,
,,,
,,,
,,,
,,,
,,,
,,,
,,,
,,,
,,,
,,,
,,,
,,,
,,,
,,,
,,,
,,,
,,,
,,,
,,,
,,,
,,,
,,,
,,,
,,,
,,,
,,,
,,,
,,,
,,,
,,,
,,,
,,,
,,,
,,,
,,,
 New: 900.00,,,
 New:    0.800,,,
 New:1.0,,,
 New:1.0,,,
 New:1,,,
 New:1,,,
 New:1,,,
 New:    10.00,,,
 New:0,,,
 New:1,,,
 New:30,,,
 New:ON,,,
 New:ON,,,
,,,
,,,
 New:JKK,,,
 New:3,,,
,,,
,,,
,,,
,,,
,,,
,,,
,,,
,,,
,,,
,,,
,,,
,,,
,,,
,,,
,,,
,,,
,,,
,,,
,,,
,,,
,,,
,,,
,,,
,,,
,,,
,,,
,,,
,,,
,,,
,,,
,,,
,,,
,,,
,,,
,,,
,,,
,,,
,,,
,,,
,,,
 New: 900.00,,,
 New:    0.800,,,
 New:1.0,,,
 New:1.0,,,
 New:1,,,
 New:1,,,
 New:1,,,
 New:    10.00,,,
 New:0,,,
 New:1,,,
 New:30,,,
 New:ON,,,
 New:ON,,,
,,,
,,,
 New:JKK,,,
 New:3,,,
,,,
,,,
,,,
,,,
,,,
,,,
,,,
,,,
,,,
,,,
,,,
,,,
,,,
,,,
,,,
,,,
,,,
,,,
,,,
,,,
,,,
,,,
,,,
,,,
,,,
,,,
,,,
,,,
,,,
,,,
,,,
,,,
,,,
,,,
,,,
,,,
,,,
,,,
,,,
,,,
 New: 900.00,,,
 New:    0.800,,,
 New:1.0,,,
 New:1.0,,,
 New:1,,,
 New:1,,,
 New:1,,,
 New:    10.00,,,
 New:0,,,
 New:1,,,
 New:30,,,
 New:ON,,,
 New:ON,,,
,,,
,,,
 New:JKK,,,
 New:3,,,
